Velvet Revolver,Contraband,Fall to Pieces,
Tom Petty,Wildflowers,Wake Up Time,29 Jul 2021 02:39
Tom Petty,Wildflowers,Wake Up Time,29 Jul 2021 02:39
Tom Petty,Wildflowers,Wake Up Time,29 Jul 2021 02:39
Bon Iver,For Emma Forever Ago,Blindsided,31 Jul 2021 11:19
Bon Iver,For Emma Forever Ago,Blindsided,31 Jul 2021 11:19
Bon Iver,For Emma Forever Ago,Blindsided,31 Jul 2021 11:19
Bon Iver,For Emma Forever Ago,Blindsided,31 Jul 2021 11:19
Bon Iver,For Emma Forever Ago,Blindsided,31 Jul 2021 11:19
Don Henley,The Very Best Of,The End Of The Innocence,31 Jul 2021 11:14
Bon Iver,For Emma Forever Ago,Blindsided,31 Jul 2021 11:19
Natalie Imbruglia,Left of the Middle,Torn,31 Jul 2021 11:10
Scorpions,Acoustica,Always Somewhere - Live,31 Jul 2021 11:06
Ben Harper,By My Side (Retrospective),Waiting On an Angel,31 Jul 2021 11:02
Living Colour,Vivid (Expanded Edition),Cult of Personality,31 Jul 2021 10:57
Eric Johnson,Venus Isle,Manhattan,31 Jul 2021 10:52
The Strokes,Is This It,Last Nite,31 Jul 2021 10:49
Blind Melon,Blind Melon,No Rain,31 Jul 2021 10:45
Emilíana Torrini,Fisherman's Woman,Sunny Road,31 Jul 2021 10:42
Get Well Soon,The Lufthansa Heist -Â Henry The Infinite Desire Of Heinrich Zeppelin Alfred von Nullmeyer -Â Greatest Hits,Always the Sun,31 Jul 2021 10:38
The Connells,Ring,'74-'75,31 Jul 2021 10:33
Shane Alexander,Stargazer,Shipwrecked,30 Jul 2021 03:34
Pearl Jam,Backspacer,Just Breathe,30 Jul 2021 03:30
Vance Joy,Dream Your Life Away (Special Edition),Mess Is Mine,30 Jul 2021 03:27
Denai Moore,Elsewhere,Blame,30 Jul 2021 03:23
Ellie Goulding,Love Me Like You Do (From Fifty Shades of Grey),Love Me Like You Do - From Fifty Shades of Grey,30 Jul 2021 03:18
3 Doors Down,Away from the Sun,When I'm Gone,30 Jul 2021 03:14
Of Monsters and Men,My Head Is an Animal,Yellow Light,30 Jul 2021 02:19
Elisa Tovati,Le syndrome de Peter Pan,Il Nous Faut,30 Jul 2021 02:17
Lenny Kravitz,Greatest Hits,Can't Get You Off My Mind,30 Jul 2021 02:14
Vetiver,Up On High,Lost (In Your Eyes),30 Jul 2021 02:07
Coldplay,Unbroken (Original Motion Picture Soundtrack),Miracles,30 Jul 2021 02:05
Bon Iver,For Emma Forever Ago,re:Stacks,30 Jul 2021 02:01
Billy Joel,The Essential Billy Joel,Piano Man,30 Jul 2021 01:54
Taylor Swift,folklore,exile (feat. Bon Iver),30 Jul 2021 01:48
Ben Harper,By My Side (Retrospective),Waiting On an Angel,30 Jul 2021 01:43
Lifehouse,Smoke & Mirrors (International Version),From Where You Are,30 Jul 2021 01:39
Coldplay,A Head Full of Dreams,Everglow,30 Jul 2021 01:36
Rhett Miller,The Instigator,Come Around - Radio Edit,29 Jul 2021 11:06
Stone Sour,Come What(ever) May [10th Anniversary Edition],Wicked Game - Acoustic; Live,29 Jul 2021 11:01
Chris Cornell,Higher Truth,Through the Window,29 Jul 2021 10:57
Radiohead,In Rainbows,Reckoner,29 Jul 2021 10:52
Axelle Red,The Songs (Acoustic),Sensualité,29 Jul 2021 10:48
Joyce Jonathan,Sur mes gardes,Sur mes gardes,29 Jul 2021 10:45
INXS,Kick 30,Never Tear Us Apart,29 Jul 2021 10:42
Alexandra Burke,Overcome,Hallelujah,29 Jul 2021 10:38
Shinedown,Leave A Whisper (Deluxe Edition),45 - Acoustic,29 Jul 2021 10:34
Pink Floyd,The Wall [2011 - Remaster] (2011 Remastered Version),Another Brick In The Wall Pt. 2 - 2011 Remastered Version,29 Jul 2021 10:30
Dropkick Murphys,The Warrior's Code,The Green Fields of France,29 Jul 2021 10:25
Kill the Young,Kill the Young,Origin of Illness,29 Jul 2021 10:21
Ben's Brother,Beta Male Fairytales,Find Me An Angel,29 Jul 2021 10:17
First Aid Kit,Postcard,Postcard,29 Jul 2021 10:13
Third Eye Blind,Third Eye Blind,God Of Wine,29 Jul 2021 10:08
Saez,Jours Etranges,Jeune et con,29 Jul 2021 10:04
Starship,Knee Deep in the Hoopla,We Built This City,29 Jul 2021 09:59
Prime Circle,Jekyll & Hyde,Broken Promises,29 Jul 2021 09:55
Lily Juniper,True Colors,True Colors,29 Jul 2021 09:52
Natalie Walker,Strange Bird,Guns Down,29 Jul 2021 09:48
Anna Kendrick,Cups (Pitch Perfect’s “When I’m Gone”),Cups (Pitch Perfect’s “When I’m Gone”) - Pop Version,29 Jul 2021 09:46
Dido,Life for Rent,White Flag,29 Jul 2021 09:42
Madness,Utter Madness,Our House,29 Jul 2021 09:39
Mano Solo,La marmaille nue,Au creux de ton bras,29 Jul 2021 09:35
Vanessa Carlton,Hear The Bells,A Thousand Miles - Live Acoustic,29 Jul 2021 09:31
Mecano,Entre el cielo y el suelo,Me cuesta tanto olvidarte,29 Jul 2021 09:28
Andy Grammer,Naive,Don't Give Up On Me - (From Five Feet Apart),29 Jul 2021 09:24